v_norm,a_0,w_s_eff,t_0,alpha_gain
0.44793114,0.7529853,1.3101982,0.43956807,0.73703164
0.5737295,0.91482526,1.3397692,0.37578526,0.64707416
0.58446664,0.8828866,1.3786324,0.40774873,0.65797603
0.41217977,0.7709629,1.415487,0.42938858,0.7746685
0.4939531,0.7717003,1.4537903,0.43961248,0.7528144
0.5181063,0.85748655,1.4448845,0.41680518,0.65029275
0.42178652,0.7408043,1.428226,0.45339534,0.7552439
0.49744162,0.71148884,1.4743172,0.4328693,0.8155792
0.5763224,0.8748177,1.379357,0.4289481,0.55867183
0.43751404,0.7203424,1.372756,0.4693217,0.65015715
0.61453265,0.7961817,1.3348769,0.42969882,0.6603533
0.57234895,0.8657065,1.4910513,0.4019339,0.62504286
0.43793255,0.80315214,1.4344131,0.43552846,0.74813044
0.37021977,0.8197162,1.4434668,0.42782,0.75256777
0.65314054,0.8893104,1.461208,0.41130987,0.6457454
0.47989744,0.830543,1.4751521,0.41333938,0.7537132
0.5156705,0.8848706,1.4695121,0.3992406,0.70395786
0.42349237,0.7833208,1.3936676,0.4065523,0.7727689
0.52241343,0.7569232,1.38625,0.45254487,0.6820179
0.4697183,0.8480581,1.4161406,0.39791727,0.75402635
0.48210123,0.7858017,1.2939484,0.4226663,0.67406255
0.46380192,0.76002175,1.3333445,0.42667982,0.655219
0.4085705,0.76709837,1.2843102,0.4426527,0.7242169
0.5293525,0.7658344,1.321649,0.43299764,0.6572441
0.4912225,0.892125,1.3006911,0.41161525,0.6078757
0.45545182,0.82286733,1.4241116,0.41582015,0.7295916
0.5541171,0.8539994,1.4923311,0.41913235,0.7442315
0.40054923,0.85079575,1.4730802,0.41010365,0.7306969
0.58495694,0.8119699,1.2911232,0.40413004,0.59379524
0.4794623,0.77762365,1.3680944,0.43744308,0.75867873
0.5943537,0.89738977,1.4594944,0.41380134,0.6652428
0.5126057,0.93284315,1.385458,0.37901667,0.6986103
0.4453257,0.8691158,1.4607337,0.40525964,0.65746313
0.468419,0.8732357,1.4618952,0.41670126,0.6792449
0.57353705,0.8466355,1.4326177,0.4415684,0.6096342
0.65959996,0.877199,1.4987742,0.43222216,0.62411505
0.5362788,0.99365413,1.4868562,0.378792,0.6148013
0.56820476,0.8371158,1.4525135,0.42077437,0.69219464
0.3938889,0.9314802,1.3114094,0.395425,0.6692095
0.43321878,0.7853239,1.3705819,0.4198865,0.697534
0.54244894,0.7863003,1.3836224,0.42120332,0.75189894
0.49681753,0.8615577,1.4796218,0.43542722,0.70209515
0.45747325,0.8274344,1.4010763,0.41949213,0.7269212
0.40590748,0.76010567,1.3943474,0.43914098,0.7575615
0.37233427,0.7799497,1.3981022,0.41464046,0.8029582
0.45010853,0.8288827,1.4938197,0.42940047,0.704922
0.5295642,0.7834466,1.4940928,0.44464535,0.74081224
0.5173399,0.7893771,1.4687164,0.44097465,0.7632818
0.52535796,0.87193996,1.2061456,0.43701506,0.68117434
0.54213554,0.7555305,1.4436345,0.4416565,0.6145249
0.5282099,0.8285211,1.3874075,0.4318443,0.7026312
0.52410585,0.84529406,1.4348439,0.39606282,0.6527858
0.56282306,0.936243,1.3700265,0.39668018,0.636656
0.5286126,0.84092355,1.4118278,0.41754183,0.690628
0.4774965,0.82338417,1.4204482,0.4234777,0.7099366
0.54789644,0.8814506,1.4310337,0.4214332,0.6791086
0.58667886,0.8281967,1.4534382,0.41906336,0.76908773
0.4218652,0.69953156,1.3360381,0.44737026,0.7606962
0.4202215,0.8153731,1.4428078,0.41753903,0.7468082
0.43303737,0.9018162,1.4028602,0.40219593,0.6634882
0.48875347,0.8175844,1.4223768,0.43942907,0.7037487
0.5505,0.8783276,1.223333,0.41035697,0.5913596
0.56414247,0.84216726,1.4851192,0.4254961,0.66479665
0.47057348,0.8700294,1.469628,0.4142792,0.7334721
0.4860235,0.74220234,1.3528285,0.46429035,0.6881205
0.4902317,0.82935333,1.3582579,0.4314587,0.5944537
0.49676222,0.8876653,1.4925717,0.39486438,0.74960303
0.5761298,0.8526071,1.4010768,0.40668288,0.7386247
0.4514796,0.78073806,1.3950474,0.42495832,0.72225803
0.58994406,0.7577117,1.3242669,0.45364067,0.6889644
0.40075666,0.8694432,1.4232632,0.41129562,0.764717
0.5159928,0.84328234,1.4529164,0.4177576,0.6776093
0.45288467,0.91939044,1.4153099,0.397088,0.7084821
0.47100437,0.8009215,1.4840828,0.4276345,0.700009
0.573297,0.7026465,1.3099204,0.4557326,0.76101667
0.5097337,0.7516227,1.3218515,0.4387775,0.7946399
0.4320957,0.7838406,1.3618073,0.43221185,0.768337
0.4788264,0.79295367,1.4531963,0.42374593,0.71459186
0.5190791,0.932282,1.3305451,0.39850482,0.5739418
0.5364339,0.81396943,1.4651238,0.41037893,0.76117367
0.411307,0.8642892,1.4617591,0.39475295,0.64717346
0.48747408,0.8845594,1.4041967,0.39739683,0.72130966
0.3961687,0.7740449,1.381888,0.43683794,0.7669453
0.5180728,0.8040141,1.2761264,0.42011204,0.71103746
0.48546943,0.9128061,1.410021,0.40943754,0.62729514
0.40326342,0.8032753,1.4750391,0.4160327,0.75310075
0.47222692,0.7235533,1.4482778,0.4592099,0.8527624
0.49925652,0.823129,1.4532719,0.45072302,0.7323939
0.5638538,0.7636999,1.4708369,0.396196,0.77465636
0.5107936,0.8725673,1.4199584,0.41828075,0.7201386
0.5142605,0.9229237,1.4931027,0.39824736,0.6827351
0.5383849,0.8284957,1.4358053,0.42902443,0.6741548
0.45648438,0.88202333,1.4137896,0.39835465,0.64058733
0.41899294,0.7751287,1.4794436,0.44223276,0.7089169
0.49401945,0.864877,1.3477857,0.40760788,0.7282536
0.5077503,0.906693,1.4140164,0.40469265,0.70603967
0.5555738,0.9334158,1.4345196,0.38511804,0.6279026
0.4116807,0.8462753,1.4100763,0.414552,0.75606406
0.6151495,0.82179624,1.4581076,0.41822737,0.72285247
0.439016,0.92927474,1.3873198,0.39138716,0.644009
0.490753,0.8824824,1.4392022,0.3906092,0.7234283
0.44021943,0.77569085,1.4403423,0.45320055,0.6521018
0.47133055,0.8788807,1.4099154,0.39850676,0.73164797
0.43180713,0.7126711,1.4946096,0.4339939,0.81464326
0.5311006,0.7391775,1.4495786,0.45923874,0.74648404
0.5317119,0.9391967,1.4259892,0.39373812,0.519616
0.49912804,0.7998044,1.431399,0.41924983,0.7056893
0.53172135,0.8910866,1.4197938,0.41111982,0.6891838
0.48076338,0.8599098,1.4964514,0.4177698,0.6518825
0.52796644,0.8094626,1.3941007,0.4268382,0.6982288
0.47409385,0.8157141,1.484547,0.42329955,0.68993944
0.46057984,0.7375106,1.4100674,0.4444232,0.7630195
0.49208844,0.87414414,1.3082079,0.3659226,0.76392114
0.5191022,0.9321788,1.4195051,0.39294422,0.63664615
0.45316195,0.82193494,1.454756,0.40438896,0.7735939
0.54604363,0.81333697,1.4353464,0.42626256,0.74086404
0.51696604,0.95780504,1.4301608,0.3676159,0.6993703
0.5641606,0.8584621,1.440181,0.40962327,0.619648
0.6295607,0.8332368,1.3505954,0.44410414,0.6396319
0.44455123,0.87600935,1.3851618,0.41519114,0.654222
0.53459024,0.83885777,1.4595798,0.42411783,0.73974174
0.64284736,0.8875495,1.4730568,0.43371516,0.6365519
0.56962144,0.7204322,1.458117,0.45169607,0.8163222
0.49762034,0.86793846,1.4117645,0.42286184,0.59322256
0.52382755,0.90026176,1.4772127,0.40320468,0.71643955
0.4169453,0.8489668,1.4831,0.4174847,0.7157084
0.41692194,0.7819516,1.3225622,0.42581254,0.73860514
0.57559144,0.83995146,1.404,0.43453985,0.7020366
0.32700077,0.85908204,1.4771456,0.40413442,0.7833013
0.53773147,0.8706562,1.2845228,0.41086268,0.6663937
0.553962,0.7985443,1.4742101,0.4151722,0.7546056
0.42053297,0.81883657,1.4815888,0.40534368,0.7660658
0.5898109,0.77662385,1.4959164,0.43159014,0.71416247
0.5279454,0.84436834,1.4517959,0.40485328,0.6981296
0.56857365,0.8168616,1.2452015,0.4400921,0.7361657
0.43957415,0.83462214,1.4123949,0.41239542,0.7953627
0.6011049,0.7791133,1.4314325,0.43778455,0.77895933
0.53136003,0.8586659,1.4239504,0.39386976,0.7326885
0.54893726,0.8903932,1.4619488,0.4301116,0.62252444
0.6428887,0.9003018,1.3404752,0.4348342,0.60479206
0.6242445,0.87680674,1.4419469,0.41243112,0.5769944
0.5710271,0.8244816,1.4206511,0.41721797,0.70622814
0.49259657,0.8539571,1.4753262,0.42861596,0.73063934
0.5792456,0.8389913,1.4466165,0.43761224,0.609641
0.5547042,0.82304496,1.4287477,0.44629282,0.66739744
0.5245644,0.96826804,1.481541,0.3915216,0.6734702
0.6506183,0.7930948,1.3567375,0.4304561,0.7050803
0.5252664,0.8140388,1.2471539,0.44017866,0.64046615
0.54402673,0.8087717,1.3554337,0.4301973,0.7192229
0.42928857,0.85755646,1.4327743,0.4090344,0.71371174
0.544057,0.8333944,1.4872556,0.39775753,0.7205845
0.54194355,0.9645607,1.4487404,0.3676635,0.6810623
0.34871334,0.7755988,1.399988,0.40146652,0.8337739
0.5440326,0.87655884,1.4642881,0.4199028,0.6329812
0.4585703,0.84493685,1.4476333,0.40630162,0.7494483
0.46994963,0.77458805,1.4165567,0.38389122,0.8471563
0.49821642,0.8855075,1.4532163,0.41532925,0.61946803
0.47962794,0.802338,1.4405795,0.4427915,0.71632993
0.5173304,0.8511015,1.4150975,0.42785853,0.64207506
0.49332744,0.91090655,1.4610568,0.40714425,0.64752114
0.53652227,0.8604743,1.4933591,0.41818622,0.73143655
0.5093877,0.7064381,1.4217252,0.4269523,0.8096325
0.54794055,0.8983363,1.352109,0.41434482,0.6400671
0.45487866,0.78076535,1.4953399,0.45221007,0.7340047
0.4364442,0.7979705,1.4259425,0.42909276,0.77115864
0.5204767,0.8377297,1.4659221,0.4071375,0.62090415
0.51356417,0.83839047,1.2882559,0.42267925,0.68687004
0.49927506,0.86656815,1.3899704,0.40112203,0.65230733
0.57635134,0.93975794,1.437354,0.37759072,0.6522095
0.53134084,0.98023564,1.4817334,0.3513744,0.75459194
0.5229556,0.84834105,1.4388053,0.42193568,0.6877977
0.5720855,0.78274375,1.4417765,0.44042715,0.69015914
0.4875004,0.8976006,1.4581667,0.38549885,0.7235551
0.5366923,0.8458825,1.4438964,0.40025052,0.66874623
0.5557927,0.81425583,1.4628266,0.41989452,0.7402631
0.5607068,0.8961188,1.3857429,0.42009673,0.5991695
0.46775156,0.62419397,1.2193142,0.4744442,0.7270081
0.5276445,0.89937925,1.4751151,0.4132769,0.6414994
0.5457866,0.9159803,1.4254675,0.3846249,0.7304835
0.534978,0.73839897,1.4707204,0.4617331,0.7176568
0.5325178,0.8305916,1.4620948,0.42240664,0.6881826
0.48397273,0.7916584,1.4812576,0.44153228,0.77621144
0.49388453,0.8325838,1.3882143,0.44803745,0.69307065
0.44810122,0.78217185,1.4431959,0.41993004,0.78328115
0.45252985,0.86932635,1.4047087,0.39220268,0.7337007
0.5283307,0.8636041,1.4794716,0.39887774,0.6860216
0.5321709,0.87643194,1.3179003,0.38607693,0.68407696
0.48603278,0.94534737,1.3782328,0.36336544,0.6898277
0.52032876,0.8333539,1.3506622,0.41387632,0.6958571
0.40889877,0.80441946,1.4558958,0.4412944,0.778965
0.38637936,0.77191734,1.4384109,0.43101436,0.76497316
0.5029938,0.8893683,1.4233708,0.41821265,0.63772666
0.43470246,0.74129444,1.1262786,0.45182264,0.7043764
0.51666015,0.74963135,1.4346446,0.44284877,0.7152678
0.5453352,0.81887525,1.4794124,0.437716,0.7391424
0.5156609,0.79163986,1.3456994,0.44238526,0.74243104
0.37950695,0.7924674,1.4847368,0.4180492,0.7893448
0.5806247,0.8860483,1.4899632,0.40050706,0.647414
0.3755504,0.88323885,1.450499,0.41799542,0.65898526
0.51585585,0.80457693,1.4499388,0.42686635,0.700222
0.37170753,0.81774557,1.3607212,0.42786184,0.7368943
0.6014619,0.8228739,1.4071677,0.42211732,0.60783535
0.43831837,0.7865442,1.3159739,0.43402934,0.67914724
0.63021874,0.859416,1.4806985,0.43501014,0.6004601
0.46942097,0.8083236,1.4969393,0.42560244,0.7362575
0.5268244,0.84968674,1.4265549,0.43668553,0.6299201
0.55214053,0.75667757,1.3817899,0.4482206,0.6973413
0.36941278,0.8021459,1.4520748,0.40102363,0.8428112
0.49649423,0.78866434,1.3537089,0.42044324,0.72812444
0.46043923,0.7992797,1.3900763,0.42996305,0.7005452
0.52250445,0.84889776,1.4132159,0.4086911,0.68006134
0.541716,0.822618,1.3070111,0.45036137,0.6980655
0.6215483,1.0304873,1.4768883,0.36321768,0.5670518
0.46650437,0.80798054,1.3846271,0.4396103,0.69890934
0.37594208,0.7772419,1.4774146,0.40914738,0.82894033
0.6308108,0.87469596,1.3707644,0.42174637,0.6323305
0.47736892,0.8390268,1.3834927,0.43010405,0.7061288
0.42908582,0.7663985,1.4789565,0.41280556,0.8150776
0.5019103,0.77153075,1.4241562,0.43846044,0.7479725
0.34744045,0.74937946,1.4717634,0.43696505,0.7356431
0.5690982,0.8140951,1.4907784,0.43432364,0.6631645
0.47859272,0.8079051,1.4535043,0.43501854,0.6814235
0.42039904,0.7178587,1.3695353,0.44926736,0.79253906
0.43040577,0.81224954,1.4155986,0.43219727,0.7172336
0.5246098,0.84099305,1.4400313,0.41762054,0.693427
0.43246406,0.7783605,1.3522539,0.43512964,0.74132955
0.5337536,0.89853203,1.4586886,0.39646187,0.76459193
0.42143586,0.80920017,1.4697018,0.42083085,0.6975399
0.44413576,0.7736146,1.454666,0.4353701,0.7267988
0.5625234,0.783785,1.3866917,0.43656027,0.68668306
0.5998909,0.8918898,1.465377,0.40535396,0.72237426
0.40857533,0.7577415,1.4171935,0.42674947,0.69857806
0.5443088,0.8013616,1.4564257,0.4343316,0.74059105
0.36296302,0.71572846,1.3281969,0.4518395,0.8745565
0.4059106,0.63881296,1.4207778,0.45288092,0.8425305
0.46605235,0.8742787,1.3191772,0.40359205,0.72191334
0.45881698,0.7293076,1.2625937,0.45064425,0.6945715
0.44938785,0.83547676,1.2669059,0.3951142,0.7017343
0.4774969,0.8737679,1.4519691,0.3975175,0.68624455
0.5074825,0.92849517,1.3840877,0.4262775,0.61054236
0.5105117,0.94863766,1.4817786,0.41373408,0.65074587
0.4325074,0.8393477,1.4527752,0.42097372,0.7018857
0.4613202,0.81103826,1.4178598,0.4316255,0.742021
0.48429248,0.8508463,1.4488902,0.40861574,0.6988713
0.55569184,0.9605791,1.4926043,0.41708902,0.5870268
0.41092205,0.8038589,1.4166082,0.4183037,0.86523664
0.4990825,0.82145566,1.4960151,0.42597473,0.6886103
0.5724825,0.959123,1.4389389,0.3766928,0.65239877
0.48160103,0.8906819,1.4851985,0.41327104,0.6980283
0.45539224,0.832202,1.4855405,0.40716246,0.7375417
0.50566024,0.81440717,1.3919253,0.4172187,0.7193606
0.37071103,0.8113473,1.3067356,0.41404372,0.7038232
0.4524501,0.8270607,1.4164971,0.445422,0.67894655
0.53264433,0.8717307,1.4238181,0.411349,0.6611121
0.49506372,0.86191165,1.4849464,0.4001402,0.77579653
0.45788166,0.84101564,1.3555939,0.43291694,0.7317856
0.51940095,0.9574007,1.4502496,0.41199946,0.64088756
0.4004716,0.8034115,1.458964,0.42535025,0.8244588
0.38071424,0.7406504,1.4333266,0.45871583,0.78842145
0.44520992,0.77897274,1.4363608,0.4205003,0.7753084
0.5100786,0.76935023,1.439489,0.44176298,0.737272
0.5012101,0.74946827,1.2493434,0.44663873,0.69629925
0.5527326,0.7919305,1.4496644,0.42815948,0.67027766
0.47942656,0.9157309,1.4622028,0.41905782,0.65665776
0.3437476,0.76572955,1.4565293,0.4478814,0.762474
0.49033776,0.8103436,1.4254638,0.4466137,0.6447691
0.5453913,0.9293168,1.4205744,0.40097675,0.6129358
0.4541811,0.84049785,1.4770559,0.41228813,0.74429935
0.50723714,0.7896206,1.3744406,0.45147035,0.6323523
0.46311414,0.74922675,1.4692492,0.4504478,0.74690723
0.56711835,0.81692743,1.4409019,0.42142707,0.7290497
0.44774252,0.80511934,1.3589696,0.41268015,0.7560677
0.50524485,0.7608948,1.3642262,0.41578454,0.77411324
0.47647038,0.89503324,1.3482053,0.38750947,0.65081435
0.5231087,0.83041847,1.3197236,0.40434757,0.7496651
0.5460572,0.69005686,1.4147539,0.48695248,0.64867395
0.43786323,0.8327482,1.4706683,0.40839717,0.7896736
0.63635194,0.85629994,1.4528241,0.42954355,0.62084633
0.4438451,0.77941304,1.3013139,0.4265294,0.6813654
0.33739236,0.7652836,1.3527209,0.4182899,0.81231123
0.5425604,0.8494817,1.3759494,0.40430018,0.66256064
0.47440436,0.7571855,1.2877175,0.43351522,0.72380936
0.45204732,0.8418975,1.4497612,0.4229317,0.74985856
0.49734437,0.81031513,1.3484035,0.42315358,0.70169073
0.37916398,0.8572797,1.3213453,0.41898447,0.7387853
0.44711307,0.71239406,1.482055,0.44655433,0.7603582
0.45482647,0.7764515,1.480036,0.43214592,0.7325687
0.5748237,0.75380707,1.3713412,0.45201233,0.7431735
0.52508986,0.9109888,1.4025323,0.41658452,0.5968533
0.498157,0.87421733,1.4939073,0.4087978,0.7193362
0.53712803,0.9181254,1.4434446,0.38836694,0.6322139
0.47102973,0.8769136,1.4893414,0.388927,0.61323124
0.5872381,0.7668945,1.4333737,0.4492384,0.6357479
0.419593,0.802291,1.3997115,0.41050595,0.7679991
0.54646075,0.9321749,1.3490847,0.40239924,0.71704507
0.5470216,0.8209874,1.4784877,0.4310331,0.6654484
0.5824677,0.851352,1.3580096,0.3824695,0.6256139
0.50267047,0.87516046,1.4455777,0.4116483,0.62778884
0.38649532,0.7690991,1.4676363,0.4474491,0.7538237
0.55822164,0.84971577,1.3677313,0.40035653,0.6471939
0.47726828,0.82585025,1.4192035,0.43230426,0.6549572
0.4530722,0.8055478,1.3909017,0.43452284,0.69541025
0.49659783,0.92729074,1.3966293,0.3965468,0.6948203
0.5887303,0.8780436,1.4472572,0.42298353,0.641524
0.5159016,0.7695543,1.4502642,0.4176935,0.71094614
0.5526615,0.90157616,1.4589236,0.37748197,0.679217
0.44390988,0.7733967,1.3268784,0.42852452,0.67769384
0.5198657,0.8632851,1.286553,0.4157037,0.6519115
0.49544787,0.8603493,1.4422697,0.4150607,0.636846
0.5752533,0.9462247,1.4252229,0.37846866,0.6085277
0.55761933,0.7707493,1.3395394,0.46161616,0.6446853
0.5628091,0.808719,1.4484764,0.43710116,0.65931857
0.62769663,0.9283136,1.3130132,0.39476734,0.57601684
0.45192206,0.8331504,1.4520772,0.40472394,0.73758465
0.5218041,0.81973636,1.3635598,0.42759782,0.72136813
0.6149367,0.8216067,1.3858519,0.41746265,0.6752752
0.61383164,0.8299705,1.4660199,0.42232174,0.708566
0.4332309,0.8250418,1.3461431,0.4091117,0.78439903
0.552791,0.85023934,1.4299034,0.40498975,0.71709985
0.58857256,0.76036936,1.3145528,0.4679869,0.566591
0.43381724,0.7756983,1.4992219,0.42500564,0.79416484
0.43384904,0.7287396,1.3773525,0.4324363,0.7694077
0.5638828,0.8904085,1.4919177,0.39503348,0.7383393
0.60636413,0.82558876,1.4332976,0.4246906,0.6387431
0.49287495,0.9004086,1.4934505,0.4044525,0.673785
0.50695926,0.78213775,1.4460467,0.4512026,0.6631792
0.6689302,0.7887586,1.452309,0.4449706,0.63621086
0.63843346,0.90833384,1.4799322,0.41588962,0.6526555
0.55122983,0.8939201,1.4267966,0.416617,0.6582612
0.4440888,0.8612841,1.4429036,0.4129516,0.7295176
0.5152668,0.790092,1.4114515,0.41443738,0.7961613
0.56757456,0.82235694,1.4746101,0.42925417,0.6302619
0.54294014,0.8323756,1.4250098,0.41070163,0.71217394
0.57304233,0.974476,1.4519742,0.3907539,0.59294987
0.57997715,0.88601345,1.3272899,0.41054776,0.6767646
0.5818537,0.7804803,1.4373205,0.43269968,0.64814055
0.58813953,0.88931954,1.3765122,0.41474745,0.61909413
0.4427221,0.7290469,1.3717216,0.47199708,0.6826721
0.39295462,0.8140459,1.4095044,0.4005467,0.7873543
0.4551841,0.7923689,1.4322193,0.42557663,0.7358379
0.37047032,0.8755629,1.475768,0.3908187,0.7760592
0.46143687,0.8689714,1.4320216,0.39608806,0.68797827
0.3988648,0.7837817,1.4415162,0.4429671,0.6953958
0.41557664,0.7468721,1.4667197,0.46771622,0.6608881
0.43289703,0.7947006,1.4952358,0.41123998,0.7617854
0.470379,0.6739438,1.3742439,0.45957154,0.74518114
0.48309773,0.97542155,1.3805865,0.39283544,0.60469407
0.6598999,0.9589099,1.4273264,0.42521882,0.57683545
0.5380939,0.7236736,1.486514,0.45151353,0.7540149
0.48454165,0.8436129,1.369832,0.4134181,0.72039586
0.5001242,0.7253483,1.454841,0.45616767,0.67504865
0.52684647,0.90447706,1.4978013,0.4245306,0.63008326
0.47909582,0.8153298,1.4118123,0.4285523,0.70621824
0.5757379,0.91203034,1.4758823,0.42086127,0.57538956
0.514005,0.9122414,1.3341469,0.413988,0.6480735
0.44459412,0.73774916,1.4723008,0.42195058,0.7852878
0.52283335,0.7908642,1.4916601,0.4483792,0.6592883
0.5176361,0.8225657,1.3863853,0.43046886,0.6845369
0.4691477,0.8167519,1.4166988,0.43111518,0.6848483
0.53463084,0.9297963,1.4567735,0.3773725,0.6850998
0.5468219,0.82432276,1.377117,0.41093454,0.66791743
0.54269224,0.908835,1.4529725,0.40997475,0.66575474
0.4600438,0.8599719,1.3915695,0.421673,0.73530245
0.64683694,0.8916626,1.4259871,0.4162073,0.5821439
0.5332998,0.89806694,1.401884,0.4128758,0.6508116
0.59521335,0.8643615,1.4782809,0.42495885,0.65006095
0.4149808,0.808174,1.438722,0.43921876,0.7519859
0.5133104,0.8054239,1.4326236,0.43498003,0.72851944
0.4032418,0.7780198,1.4614102,0.43424755,0.7544293
0.4991176,0.7878928,1.4205949,0.43784404,0.7000897
0.5400965,0.9507393,1.4556172,0.3944442,0.60808116
0.46879664,0.82440597,1.4074316,0.41417608,0.683585
0.5365401,0.9049289,1.4619694,0.4120482,0.65525824
0.5101215,0.8043385,1.4139842,0.41464597,0.72648954
0.50754756,0.85944897,1.3862822,0.39809075,0.69252485
0.43031436,0.8684056,1.3185138,0.40260434,0.6553549
0.44869277,0.7551677,1.4131024,0.43399537,0.77876
0.46566114,0.8921431,1.4618189,0.40058237,0.6990633
0.544346,0.88543355,1.3978727,0.40644684,0.6718836
0.55866176,0.8068947,1.4281459,0.40490213,0.71299535
0.46398997,0.6912424,1.4110979,0.45533603,0.73882914
0.4846926,0.8142012,1.4457433,0.4250407,0.6804719
0.42670465,0.78385454,1.4683203,0.42300367,0.76531416
0.44371203,0.7949882,1.303793,0.41215852,0.7530596
0.52138793,0.8182947,1.367599,0.42135864,0.6868557
0.51913095,0.8892236,1.3553989,0.43603474,0.62919354
0.55183023,0.8552194,1.4766831,0.39926776,0.73826283
0.4000073,0.8089299,1.3686886,0.40581235,0.7373175
0.51584274,0.85748124,1.3227853,0.41810217,0.6667108
0.53563505,0.923623,1.4809496,0.4196382,0.61722827
0.59409934,0.7826862,1.2234006,0.43398276,0.63501775
0.5667488,0.7005977,1.3909296,0.4592948,0.798842
0.57945585,0.8182967,1.4554014,0.42232668,0.6818307
0.47803602,0.9269471,1.3991683,0.3925854,0.6520327
0.5003323,0.82959604,1.4582056,0.42052743,0.6581425
0.491392,0.78898746,1.3737036,0.4306376,0.70111334
0.5213232,0.77289253,1.4484115,0.43739054,0.6728437
0.42031834,0.8052073,1.4975705,0.41782147,0.7619776
0.44092768,0.87219214,1.3912181,0.38715678,0.74459326
0.51447356,0.8254664,1.4319866,0.41863164,0.7486338
0.5817728,0.86059725,1.4685198,0.39703986,0.733097
0.42387354,0.8235391,1.393994,0.4110687,0.76168966
0.48130322,0.88375735,1.4743798,0.39950946,0.75789726
0.45227498,0.81912404,1.4732721,0.42734876,0.7493735
0.40014872,0.8049654,1.3880111,0.41297314,0.76786065
0.43200177,0.86496687,1.4809744,0.4219599,0.75192136
0.4116559,0.8075929,1.4475709,0.4369256,0.7079005
0.53195876,0.8424435,1.4824507,0.42687917,0.68775517
0.5806897,0.80225444,1.4388323,0.45129612,0.65541565
0.4898085,0.890844,1.4917614,0.40694046,0.66262156
0.47511163,0.7424881,1.3934023,0.45770764,0.6621837
0.66907334,0.86971116,1.4501371,0.4313322,0.605623
0.5334259,0.887544,1.3597748,0.42186317,0.6309496
0.58696175,0.8385178,1.479494,0.41285074,0.70901483
0.62565273,0.9346965,1.4110613,0.40885216,0.54513645
0.59380275,0.76921874,1.4129517,0.45160842,0.6304085
0.57585365,0.8997887,1.3887068,0.42103338,0.5459261
0.45651466,0.7777251,1.474492,0.44221544,0.71923685
0.4971877,0.7348402,1.3047419,0.46911788,0.6796267
0.47629404,0.7976876,1.4635811,0.4350319,0.73567826
0.581196,0.89059025,1.4399304,0.41717103,0.6402801
0.5344713,0.8836894,1.4888306,0.4188486,0.6396845
0.49508172,0.78998184,1.4971186,0.44322306,0.7001162
0.44695038,0.85706455,1.4448333,0.4369358,0.72647804
0.46433783,0.96540934,1.39496,0.3627016,0.6973801
0.5392928,0.85802597,1.4724842,0.42492938,0.6649999
0.43174273,0.925393,1.4134649,0.38198096,0.7357611
0.5685464,0.91285783,1.3407706,0.43819538,0.5674268
0.42459503,0.7965623,1.4765991,0.4175829,0.7726363
0.4733294,0.83495754,1.4418403,0.42162186,0.7441834
0.5810923,0.83767956,1.3750359,0.42419934,0.71851474
0.54079777,0.8934749,1.4774388,0.41122162,0.64789486
0.5521141,0.9396874,1.4878303,0.40128797,0.6651416
0.4889433,0.8699257,1.395247,0.41529614,0.67672676
0.544991,0.77701986,1.4276642,0.43007773,0.76380116
0.5328644,0.805085,1.3688614,0.4223444,0.6733288
0.5212324,0.75611776,1.4846785,0.46123597,0.6400806
0.5836745,0.8468211,1.367998,0.4008748,0.7186252
0.53960586,0.9081915,1.4709667,0.4008095,0.70255274
0.40441313,0.8790708,1.3856914,0.41346863,0.6812918
0.4536786,0.8011877,1.4650365,0.42864197,0.6797729
0.5385194,0.83997834,1.3755771,0.42427906,0.6803655
0.476405,0.7846046,1.3410226,0.43908772,0.71970445
0.4497349,0.9111229,1.4338173,0.41333097,0.671382
0.44356203,0.6554449,1.3718696,0.4713008,0.85408854
0.49944425,0.86907846,1.4197321,0.43412262,0.6632409
0.52290803,0.7223585,1.3257108,0.4323526,0.75998884
0.49186423,0.7500941,1.4325117,0.4405088,0.6810772
0.54522574,0.8358417,1.4104173,0.43624878,0.6705012
0.3659926,0.86098355,1.3917099,0.39254248,0.7093366
0.57400984,0.94644135,1.4649435,0.39589188,0.70094573
0.47751504,0.87652826,1.4979361,0.39524633,0.7203814
0.38591194,0.8519431,1.475771,0.4297677,0.7571572
0.49523234,0.870579,1.3883294,0.38637242,0.729957
0.4899974,0.8220858,1.4360445,0.4208688,0.7097295
0.5391027,0.9563827,1.4569557,0.38244802,0.71556306
0.5048385,0.73938507,1.3179647,0.45265532,0.70608366
0.49712136,0.85478675,1.4336507,0.42965224,0.65066695
0.5167073,0.9163997,1.4687752,0.380033,0.7435887
0.40857822,0.861568,1.4167953,0.38558504,0.73256093
0.64617026,0.75754,1.4481558,0.4516677,0.62504333
0.5135458,0.73831624,1.3949168,0.4440449,0.70514023
0.38135493,0.71672744,1.4269987,0.4521107,0.76427114
0.56257975,0.9361518,1.4812795,0.39328426,0.6214835
0.49902108,0.8884328,1.3884734,0.41018093,0.6947854
0.44790947,0.85637987,1.4795597,0.40549862,0.73440486
0.5473473,0.814433,1.4381332,0.43698996,0.66165924
0.52544546,0.801947,1.4307002,0.41770518,0.77108204
0.47905767,0.76744413,1.3638842,0.42554057,0.7596644
0.3575811,0.89086425,1.4587609,0.3803928,0.80131066
0.59201115,0.90027744,1.4348305,0.4207984,0.64848065
0.3909665,0.8044887,1.430229,0.4141765,0.7688087
0.5715123,0.9298639,1.4158154,0.40070814,0.65984994
0.43330413,0.89547163,1.2658702,0.39382026,0.64297086
0.5603782,0.8022621,1.3467717,0.43570742,0.6680458
0.43181884,0.8552081,1.2878323,0.40642485,0.67087126
0.6310684,0.9030295,1.4947224,0.3983231,0.6188103
0.5776407,0.8545404,1.3128839,0.42736113,0.6589505
0.5935925,0.8189096,1.4079603,0.44516867,0.64522773
0.6417052,1.0423268,1.4725672,0.3693153,0.5016966
0.6340987,0.8702916,1.4407314,0.44328254,0.5932578
0.59619,0.83096874,1.4280531,0.42773336,0.61892915
0.6090047,0.8329916,1.4866102,0.41691476,0.70165193
0.36601672,0.6135498,1.3645597,0.46753487,0.86694497
0.38645098,0.8091154,1.2815957,0.40370113,0.75006795
0.5094903,0.807037,1.4585389,0.43915898,0.7779688
0.59744346,0.9000398,1.4611584,0.41722393,0.6990403
0.5521282,0.84017754,1.4970084,0.4020206,0.6733314
0.4988849,0.88766,1.3346903,0.43253997,0.689099
0.4370759,0.84629667,1.3485899,0.3980719,0.69451123
0.46635154,0.83233064,1.3547732,0.4214626,0.6981406
0.4768399,0.8664492,1.4315614,0.40869027,0.688003
0.5247571,0.79024786,1.4836897,0.41320184,0.76416326
0.47574157,0.7145102,1.3276048,0.4567675,0.7895599
0.5750995,0.8689835,1.4275604,0.39522257,0.6549055
0.53908956,0.8461078,1.4115131,0.43505988,0.6580318
0.38553086,0.7516527,1.4153144,0.4205132,0.8049337
0.5208262,0.7762569,1.4718736,0.4408095,0.7258111
0.5358372,0.8731994,1.4504783,0.42395192,0.64776045
0.43707174,0.85663104,1.4106323,0.41838273,0.7155308
0.549888,0.85709697,1.4764918,0.43373886,0.6485055
0.48569393,0.8419226,1.469015,0.4285784,0.6519484
0.40475705,0.8377151,1.30887,0.42569524,0.6991524
0.36145848,0.73494965,1.4552345,0.43795538,0.8021079
0.44320992,0.70949817,1.2903582,0.45908692,0.7868553
0.5420167,0.8720772,1.4766281,0.4374314,0.655564
0.58167714,0.8368143,1.3946751,0.42460176,0.7361951
0.45020995,0.7715141,1.4972435,0.42126617,0.7807182
0.4812853,0.89858735,1.4440386,0.38970262,0.720993
0.32857305,0.8386738,1.4502089,0.39512032,0.7680005
0.53001344,0.87630945,1.4343673,0.42815632,0.6260842
0.6084783,0.8305306,1.4879953,0.4432065,0.6844039
0.47879243,0.7913963,1.3682262,0.43470418,0.69802696
0.50560015,0.9084419,1.4761962,0.40904036,0.66756
0.45431602,0.7748914,1.425798,0.42970306,0.76933855
0.43632135,0.81395197,1.449859,0.41510487,0.73357046
0.5990627,0.7532847,1.4369748,0.44949618,0.75226945
0.5074816,0.9094261,1.4897915,0.4180316,0.63251275
0.56192625,0.91059566,1.3871263,0.4148323,0.6418716
0.4222691,0.8034019,1.3665396,0.4396877,0.66768944
0.49873683,0.70456976,1.485837,0.47260162,0.6997147
0.32578737,0.6823303,1.2496936,0.44009537,0.8090982
0.5574646,0.77151567,1.497176,0.44832087,0.7178687
0.32853672,0.72624683,1.4046175,0.4022373,0.85630685
0.50154746,0.7666562,1.4816,0.43899807,0.757645
0.43978727,0.76583195,1.2797365,0.42249748,0.7845614
0.4265209,0.8311613,1.4616789,0.44140142,0.7701866
0.49179476,0.8696707,1.4547832,0.42078072,0.6737283
0.5094651,0.87624216,1.4926625,0.38388482,0.7775051
0.41193566,0.92505515,1.2795464,0.40321055,0.65582347
0.5956374,0.83892703,1.4692928,0.4259196,0.62812704
0.4844955,0.9470081,1.2428653,0.40943062,0.6115724
0.49583772,0.91725737,1.4630673,0.4200912,0.63851285
0.40308475,0.7549115,1.2409977,0.43283924,0.7249405
0.46088347,0.8051319,1.3833514,0.42591906,0.7659571
0.5022503,0.90409577,1.4855257,0.39873925,0.75550395
0.38287652,0.82764494,1.3220928,0.429034,0.73772854
0.55753356,0.81879246,1.498315,0.4258535,0.7261046
0.5280953,0.84133106,1.4218123,0.40951487,0.7254452
0.44163936,0.8461511,1.3839312,0.41742992,0.7501502
0.46111465,0.8429035,1.4572074,0.39493915,0.7746279
0.5563445,0.855298,1.4512768,0.42724493,0.6607726
0.45908156,0.9496429,1.4262625,0.38302213,0.62945014
0.5113678,0.79836655,1.4368259,0.42627445,0.72822803
0.56904685,0.77276045,1.4845042,0.43088585,0.7261398
0.44474706,0.81686,1.4514648,0.45112288,0.74609804
0.42055312,0.6704029,1.2107745,0.45011312,0.80039924
0.45549703,0.77472264,1.4816157,0.4361299,0.72936016
0.39807558,0.7066893,1.3815247,0.44361964,0.84078413
0.35907194,0.70398086,1.3341509,0.44703072,0.8533362
0.46835765,0.8870932,1.4197729,0.3944255,0.6343992
0.48326403,0.7945784,1.4603544,0.44249663,0.73387116
0.38123915,0.7000933,1.3859637,0.42809328,0.8164969
0.4867347,0.77523017,1.3984581,0.4360829,0.79589415
0.49320072,0.8305388,1.3693739,0.4046611,0.7388767
0.61734366,0.7953125,1.4618583,0.4309156,0.7249185
0.5655979,0.83913344,1.4884435,0.4113465,0.7922076
0.6010753,0.9654738,1.4202479,0.39194492,0.67430186
0.44589227,0.77214915,1.4022799,0.43308848,0.68263376
0.40690985,0.69686884,1.3588989,0.45137763,0.7522774
0.4635117,0.89107794,1.3728831,0.40488625,0.7011813
0.5304036,0.85012096,1.4456723,0.39560866,0.7168466
0.34955704,0.67000866,1.3991435,0.44686896,0.8117151
0.44013152,0.80111265,1.4047956,0.42447823,0.7327602
0.5404657,0.8724279,1.4869161,0.37666857,0.7122376
0.46630505,0.9014122,1.4182893,0.40218124,0.7445316
0.43731937,0.8688814,1.3924865,0.40582764,0.6849853
0.5448825,0.83644634,1.4618515,0.4299991,0.6834791
0.40193248,0.79126894,1.4736695,0.42307156,0.7222042
0.5175151,0.7971803,1.3792377,0.44013143,0.6704398
0.49487543,0.78216904,1.4737625,0.44860107,0.69731617
0.5217535,0.8980786,1.4466537,0.42586073,0.6424676
0.55498964,0.7520499,1.4851986,0.4602266,0.64563996
0.5252546,0.81799364,1.4230089,0.44112235,0.6735917
0.4364023,0.8460777,1.4038416,0.3931102,0.7760056
0.44152904,0.8265583,1.3903474,0.43282437,0.67966026
0.57712984,0.86984015,1.4787853,0.3831697,0.7529857
0.38343176,0.7603351,1.3857867,0.43934554,0.79329574
0.4693626,0.85934705,1.4145024,0.40523347,0.7225356
0.54035854,0.9000027,1.3704834,0.39503953,0.6245795
0.45734864,0.768534,1.4347124,0.446435,0.8102984
0.55116683,0.8677946,1.4690486,0.40963438,0.7215195
0.57211554,0.9295005,1.4857036,0.38883975,0.6946526
0.55739826,0.8398812,1.376329,0.39315313,0.7086965
0.47404993,0.85825896,1.4398453,0.4280532,0.6315002
0.6219526,0.74744487,1.4670683,0.46433896,0.6216487
0.33978727,0.7489455,1.3483492,0.40491512,0.82388407
0.54599863,0.8861124,1.3343993,0.4368151,0.6107892
0.51761764,0.8292179,1.4985443,0.44050163,0.6948375
0.53416854,0.8448031,1.4951673,0.43162867,0.7467698
0.5496817,0.9505565,1.4961656,0.41430718,0.63173944
0.41833776,0.84759206,1.3384469,0.42408115,0.71357805
0.5024287,0.9230897,1.4860502,0.41060296,0.6463074
0.48150203,0.90484536,1.4041362,0.41892895,0.66132283
0.5406933,0.8067161,1.4777498,0.39863282,0.77857834
0.54489934,0.8176356,1.486647,0.4385966,0.69233036
0.50622827,0.7652345,1.4755375,0.4424138,0.73154116
0.6353144,0.9097411,1.4747598,0.42093274,0.6460784
0.5177544,0.8398758,1.4939816,0.39107633,0.7193617
0.48327413,0.78654635,1.3048158,0.41777217,0.7438307
0.4507546,0.81427807,1.3568313,0.41569906,0.6756822
0.4500564,0.8400993,1.4344327,0.4287732,0.6667384
0.46996996,0.8107655,1.3168411,0.4105705,0.7545687
0.43821013,0.8936982,1.4678046,0.37710795,0.7268068
0.45188466,0.79156095,1.1283263,0.41832194,0.71610534
0.7706313,0.9040996,1.457688,0.41563213,0.56893796
0.53150094,0.9053334,1.4916596,0.41106573,0.6791164
0.4521404,0.8778788,1.3964583,0.4093625,0.71819675
0.43976143,0.89658,1.3273144,0.38078478,0.71057695
0.39419764,0.7486249,1.2935361,0.44892734,0.72104686
0.55761194,0.89659935,1.3481368,0.40439186,0.61040896
0.41269687,0.8438838,1.4866792,0.42096937,0.75383806
0.5459229,1.0432211,1.4913188,0.35121065,0.6620005
0.53348154,0.7878186,1.4914798,0.4217603,0.74127305
0.4764446,0.7520666,1.4466934,0.46796528,0.71148235
0.4658822,0.816026,1.4340073,0.42248544,0.67965263
0.5269067,0.77209324,1.3506274,0.44881743,0.56946784
0.49924657,0.8571231,1.3692003,0.40930203,0.6924922
0.39380994,0.8299768,1.3922316,0.43418112,0.7475366
0.53502756,0.8672615,1.4898348,0.3967423,0.7201639
0.5089054,0.8053962,1.3923548,0.4341489,0.66599643
0.4784185,0.9847989,1.4363849,0.3631824,0.7062436
0.5870704,0.79098755,1.4729096,0.4444626,0.6925934
0.48348445,0.8253399,1.4882305,0.42851505,0.6920714
0.640102,0.9422698,1.4126996,0.39322492,0.6679805
0.59641373,0.82248867,1.414743,0.43614018,0.6370729
0.40391472,0.7850401,1.4526156,0.42766517,0.7107351
0.48424077,0.885977,1.4691631,0.42258704,0.6400484
0.6960665,1.0261477,1.4146224,0.39312357,0.56076837
0.40943748,0.8157504,1.4069077,0.42443597,0.80712545
0.54323214,0.8527739,1.4661461,0.4254096,0.6737231
0.52541745,0.9143815,1.4491291,0.37437254,0.678576
0.5866899,0.92749715,1.3548305,0.40983856,0.5953727
0.56264776,0.87838924,1.4147295,0.42780522,0.6849477
0.46218172,0.859617,1.491624,0.40863317,0.7866152
0.40514055,0.7785615,1.4635352,0.4482337,0.749336
0.5084393,0.86774,1.4566554,0.43575767,0.62398756
0.46035597,0.77173066,1.4901391,0.419324,0.7492979
0.55979604,0.7026855,1.4755204,0.4530011,0.6968839
0.50043106,0.8734295,1.4987361,0.40560997,0.69470054
0.57918876,0.89681715,1.4811128,0.39998135,0.6759884
0.42701137,0.8464712,1.3975495,0.40323672,0.7602096
0.531957,0.82360464,1.3779223,0.46132135,0.6748681
0.4832853,0.89969945,1.4037818,0.39486578,0.6629228
0.5155144,0.8232444,1.4155833,0.4410494,0.69251823
0.53406763,0.83904237,1.4953303,0.41979113,0.7239446
0.42071196,0.68998814,1.3465663,0.45603743,0.74930614
0.5038578,0.8415764,1.4309325,0.42299783,0.67021775
0.43610084,0.8199242,1.3737712,0.4258876,0.65578026
0.47375563,0.83535683,1.4826412,0.4187521,0.7170612
0.5651343,0.91542757,1.3273354,0.40246242,0.62185293
0.5158319,0.7709599,1.4836581,0.43140885,0.7455947
0.499127,0.7899224,1.4595358,0.40919167,0.72919923
0.46032923,0.9048198,1.310891,0.39236566,0.69839895
0.37609515,0.8943799,1.4028728,0.41934967,0.70594776
0.43926597,0.80421406,1.4543612,0.4237265,0.81681323
0.6274059,0.88250697,1.4203981,0.40830377,0.6253847
0.53182,0.79737884,1.4481269,0.44299725,0.6554496
0.42144388,0.86373574,1.4327431,0.4330322,0.64131397
0.5614229,0.77349746,1.3806355,0.4462738,0.66092926
0.58127046,0.8359149,1.4956291,0.44718912,0.6226713
0.50387985,0.85710543,1.3869714,0.41100553,0.64471716
0.51712334,0.85918236,1.490814,0.44109505,0.6064729
0.549254,0.8033644,1.3299357,0.43374252,0.7079545
0.5099255,0.79788053,1.4938853,0.43857345,0.62014437
0.4838951,0.9717478,1.4238392,0.37635598,0.6601027
0.4252439,0.7623321,1.435378,0.40743834,0.8512449
0.52412504,0.75855565,1.3311399,0.45751235,0.6942858
0.47237265,0.87355995,1.408023,0.40035787,0.6623917
0.6147539,0.8482742,1.4165139,0.4202216,0.6179191
0.55501944,0.8298933,1.4962475,0.45554852,0.67985237
0.4242867,0.7933883,1.4106895,0.4250839,0.81484634
0.40332234,0.7875366,1.3879739,0.43829724,0.7078733
0.42547342,0.802659,1.4163368,0.42534667,0.7200735
0.52928895,0.8108775,1.3029305,0.42035115,0.7014824
0.49640536,0.8719626,1.4552482,0.4174656,0.6510685
0.44736794,0.79151607,1.3320967,0.44574395,0.7291396
0.5489185,0.84944344,1.4282621,0.3992506,0.70647687
0.5352882,0.7121887,1.3983377,0.46695426,0.8112978
0.54450047,0.89909106,1.4159073,0.3963377,0.68039125
0.50925577,0.77505165,1.4733992,0.42989752,0.6929868
0.4580788,0.78980947,1.353549,0.43780798,0.69623595
0.42783365,0.7632245,1.3317341,0.4526075,0.7172169
0.475137,0.83609474,1.4918773,0.4298894,0.71495235
0.56834245,0.8827582,1.4586186,0.42660534,0.59136945
0.53257424,0.8758947,1.4812858,0.42938957,0.6523856
0.6233843,0.84330106,1.4175471,0.41227013,0.5850252
0.6060533,0.8310358,1.4546003,0.42384106,0.6584841
0.49033624,0.741384,1.3827926,0.44012,0.7773673
0.5142807,0.90791315,1.4379971,0.41393062,0.6757699
0.62426823,0.8905979,1.4437126,0.43374157,0.6132364
0.51096845,0.8857904,1.4206195,0.4409581,0.6822221
0.5057448,0.8526958,1.3597984,0.41114944,0.6236534
0.49554393,0.8495184,1.4884025,0.41304547,0.7177749
0.42582825,0.8236631,1.4016088,0.4383233,0.7133093
0.47237274,0.929957,1.469898,0.3928336,0.71445626
0.39910388,0.91274726,1.4799131,0.39330843,0.68707067
0.4268703,0.71679217,1.3237506,0.43109542,0.796157
0.48062727,0.87103903,1.4407922,0.42708513,0.6415226
0.5072341,0.817729,1.4933834,0.41577873,0.7000213
0.4175087,0.7525332,1.4677101,0.43564135,0.7347781
0.53528476,0.7977212,1.3355602,0.43977502,0.59788585
0.5543127,0.77542526,1.4663138,0.42954877,0.7068604
0.3963951,0.7967356,1.3302431,0.42181608,0.7750048
0.43815368,0.89901495,1.4640411,0.394362,0.7916223
0.4632603,0.85446763,1.421455,0.4191802,0.6411433
0.4835079,0.7367554,1.3679502,0.44260556,0.79288197
0.5272918,0.7805315,1.4464475,0.45590535,0.63760346
0.6025063,0.7455498,1.451665,0.45310357,0.72424626
0.5055903,0.8081736,1.489769,0.42165434,0.6191886
0.48365355,0.8392851,1.490434,0.42097786,0.763215
0.5452452,0.91572726,1.465309,0.3993466,0.70081204
0.59360623,0.76234233,1.4762334,0.43343565,0.7496876
0.47498855,0.81277084,1.4581745,0.42618576,0.7572984
0.446703,0.7786124,1.4296297,0.43489692,0.7457541
0.5378495,0.7704854,1.4354447,0.42310318,0.74675757
0.43216518,0.7927715,1.3061152,0.42825624,0.6758714
0.47020018,0.86049217,1.3739421,0.42682704,0.68775797
0.60281616,0.90302986,1.4253852,0.41581392,0.64891565
0.49843618,0.9148905,1.4654883,0.396294,0.6014568
0.5127934,0.8144477,1.2957721,0.42778105,0.7763676
0.4537372,0.93420666,1.4655366,0.41439235,0.641899
0.5168847,0.8332638,1.4757068,0.3881055,0.7644585
0.4146099,0.869107,1.403874,0.37883663,0.732917
0.38232398,0.77265793,1.4756348,0.43539125,0.6855852
0.5193101,0.85954183,1.4886416,0.4150741,0.69482493
0.43422452,0.9042626,1.3246047,0.41051435,0.7285289
0.45385623,0.8466074,1.462948,0.39789245,0.75062793
0.48093882,0.8144654,1.4842432,0.44282642,0.61668575
0.5463843,0.83492655,1.4985945,0.42581734,0.6607879
0.43385595,0.78695875,1.4707724,0.4468675,0.73268074
0.56123847,0.8702565,1.4776337,0.41538814,0.64832336
0.49981257,0.7911346,1.422791,0.42552704,0.75047004
0.51588637,0.9852513,1.4443957,0.38254595,0.6781795
0.5026097,0.8345948,1.3836706,0.4162975,0.7378176
0.50195336,0.844435,1.4413759,0.42857224,0.6484518
0.48494998,0.89052606,1.4457418,0.39866933,0.67635214
0.44761238,0.8051132,1.4409385,0.425577,0.67987496
0.60704774,0.9214787,1.4875183,0.41002712,0.6225831
0.5051527,0.79855704,1.3890667,0.44200987,0.63702786
0.54987186,0.93283904,1.4388397,0.41769648,0.6139001
0.5788556,0.7716619,1.3565117,0.4349348,0.73854107
0.5373885,0.81660587,1.4943587,0.40886632,0.69423777
0.43026155,0.85060346,1.3805877,0.40452597,0.71361524
0.46983218,0.7826229,1.4514174,0.4414022,0.6672
0.38822752,0.7880724,1.3228287,0.4161605,0.7816657
0.50146586,0.8758627,1.4984087,0.41903841,0.6440449
0.5070171,0.77797186,1.455577,0.45319346,0.6659136
0.54725045,0.89652824,1.4590744,0.40090162,0.7072811
0.54849726,0.86988074,1.4422863,0.43325874,0.65878606
0.5975112,0.7802783,1.4627434,0.45715964,0.6235669
0.44507357,0.81743777,1.2190887,0.4196595,0.6846021
0.57897663,0.87068725,1.4812858,0.42161363,0.6923687
0.50457597,0.8618746,1.4150592,0.406123,0.707093
0.44882303,0.8086938,1.4799979,0.41011038,0.75781864
0.5830639,0.8506684,1.3898891,0.3998246,0.6515871
0.4217584,0.85290444,1.4916517,0.44912285,0.666301
0.51128197,0.80207247,1.3466953,0.43141246,0.6750471
0.5333267,0.8946965,1.4216334,0.40410352,0.6479103
0.39442006,0.7514476,1.4708351,0.44478634,0.7932071
0.4567744,0.92252797,1.4090966,0.37792593,0.6853346
0.45296523,0.7700436,1.462504,0.41670465,0.81236047
0.4690889,0.8372325,1.4790598,0.39628342,0.8117651
0.49323452,0.7565833,1.4331497,0.43807283,0.8305855
0.48814094,0.7381367,1.365884,0.43556502,0.7516441
0.53579533,0.76741797,1.3802065,0.41347808,0.78901017
0.4961823,0.8863657,1.3351538,0.4024427,0.69578636
0.5499639,0.84856117,1.4932777,0.4356185,0.68859977
0.558426,0.84009945,1.4100053,0.4116848,0.7979353
0.4247546,0.6817452,1.4395992,0.45764655,0.7355379
0.49949566,0.87872857,1.4697498,0.42712492,0.72723114
0.4929734,0.8271857,1.3487136,0.4238196,0.6450192
0.52646494,0.8529661,1.4067749,0.4312161,0.6141435
0.49971318,0.80556417,1.4198004,0.41340977,0.72725743
0.4661679,0.7716297,1.2837955,0.42792642,0.7846139
0.48336312,0.90557337,1.3937578,0.41836223,0.60108894
0.48755735,0.8482493,1.4854232,0.42170912,0.7058479
0.5442514,0.8353462,1.4972043,0.4334654,0.6676668
0.41761968,0.81232375,1.4852344,0.39713427,0.8031162
0.43281928,0.741039,1.4678348,0.4172602,0.7652304
0.5912511,0.9044134,1.464855,0.3965409,0.62668
0.4757227,0.8366162,1.4880378,0.40243787,0.6955823
0.52212024,0.7522263,1.1688104,0.45070383,0.69172364
0.5212784,0.93772787,1.4821843,0.39594582,0.66927564
0.41966295,0.81680113,1.4938157,0.40357888,0.719817
0.5422077,0.93564326,1.4499016,0.3928351,0.6050946
0.5947099,0.99271685,1.4901265,0.38726783,0.58211845
0.5390931,0.8496994,1.407133,0.39294937,0.7489623
0.45040843,0.85649246,1.433217,0.41479918,0.7071956
0.56882393,0.7798114,1.413144,0.4395938,0.701126
0.47309157,0.78638417,1.4675499,0.42520973,0.77952516
0.47221518,0.694652,1.4730114,0.43252295,0.8121894
0.4156521,0.81344825,1.2940181,0.43068302,0.70144105
0.40713117,0.69146824,1.4731188,0.45901632,0.77027506
0.41708913,0.86051184,1.4635085,0.42990288,0.653544
0.5507199,0.9437307,1.3724221,0.36935198,0.6107016
0.572755,0.975291,1.4676212,0.3754446,0.60093635
0.44647318,0.75465274,1.4231465,0.43773705,0.7362805
0.43808728,0.75403583,1.3523365,0.435757,0.7851397
0.50013465,0.93057996,1.3095733,0.38201353,0.66737235
0.5282863,0.84200937,1.3253022,0.412751,0.68252575
0.67713755,1.0237896,1.4907762,0.3636009,0.5992755
0.44417664,0.7769268,1.4634118,0.4446128,0.65382755
0.5049428,0.9259539,1.359421,0.4210444,0.6634237
0.6852845,0.8807754,1.467004,0.42461938,0.60583794
0.5011465,0.82193077,1.4725217,0.4211533,0.6965216
0.46173045,0.7934475,1.4230465,0.43364117,0.69078755
0.49425352,0.89084834,1.2913413,0.41221458,0.5768287
0.3787332,0.8418467,1.3712775,0.42505285,0.695617
0.45689175,0.85306877,1.4473721,0.4150287,0.66754246
0.5364874,0.8373306,1.4686621,0.42297244,0.56390524
0.41998526,0.8656954,1.4611076,0.4008333,0.7831125
0.53800654,0.7922841,1.4143276,0.43621364,0.72727966
0.35520458,0.8256585,1.3767273,0.42562887,0.68789
0.54949844,0.8373026,1.4102696,0.42294356,0.58975995
0.514214,0.8497748,1.4343929,0.43077233,0.71093327
0.5420972,0.8642408,1.437345,0.42211312,0.7003252
0.5177351,0.8559944,1.3555535,0.4276163,0.6723338
0.5460538,0.97378045,1.4579742,0.37102237,0.6876296
0.58948296,0.8909498,1.4561877,0.41437224,0.60728115
0.6653602,1.0048883,1.4347558,0.38613334,0.5701858
0.5135659,0.92391896,1.4838675,0.4158267,0.5813153
0.5698778,0.88504267,1.3797343,0.41755807,0.6859795
0.3628421,0.74643373,1.4761344,0.4498784,0.7291187
0.52004653,0.9417342,1.2599899,0.39045537,0.625175
0.43602335,0.9832162,1.4037266,0.36689004,0.67424035
0.5640273,0.76101536,1.4018961,0.4263535,0.78583163
0.54954195,0.83596414,1.3656273,0.4171342,0.6039039
0.5949929,0.9320129,1.4868246,0.4166789,0.6127326
0.661085,0.95497453,1.4466237,0.38161424,0.62722266
0.45698625,0.7824461,1.3683403,0.41486827,0.75934666
0.525604,0.81819254,1.2990507,0.41434872,0.6469419
0.40479407,0.8033141,1.4037132,0.42497543,0.7621515
0.6021746,0.7397781,1.4843388,0.46191108,0.7614443
0.4786091,0.92203707,1.3501397,0.36893156,0.7163284
0.55908436,0.8634589,1.4398305,0.41043478,0.6717284
0.40663242,0.898101,1.4215275,0.39712477,0.6924447
0.55028725,0.91863173,1.3682828,0.4240004,0.5968237
0.5233012,0.8513258,1.4466913,0.41049603,0.6877751
0.5395901,0.7815693,1.3586302,0.44455895,0.6781334
0.46338943,0.81223416,1.2964091,0.44603527,0.7215338
0.4052305,0.73335665,1.4630158,0.44736663,0.77242863
0.44419318,0.85375136,1.342036,0.41257164,0.7209712
0.49291983,0.80208117,1.3602884,0.43713576,0.66629213
0.39830467,0.78629965,1.4805866,0.4196394,0.7375334
0.60304636,0.79173094,1.4313059,0.44758293,0.6625815
0.5078782,0.844576,1.3635578,0.41805735,0.6816218
0.585967,0.8023673,1.4695338,0.43831128,0.72662747
0.60089254,0.82341677,1.3525367,0.43871096,0.66714305
0.52808225,0.7984083,1.4918606,0.4269946,0.69943774
0.38336688,0.7677258,1.4259517,0.42606232,0.81537485
0.47703052,0.8388192,1.4020724,0.4135206,0.6690392
0.4667935,0.88364786,1.4482635,0.41153747,0.66353154
0.50025064,0.8540652,1.4521534,0.41948614,0.6759596
0.5106599,0.80388105,1.3396335,0.40100428,0.6755936
0.6121627,0.93460083,1.4027092,0.3974467,0.59235203
0.41195348,0.8401672,1.397451,0.43091908,0.7183697
0.4998727,0.7927895,1.4723533,0.41694388,0.7477278
0.53988487,0.9462332,1.2752738,0.41066673,0.65111196
0.48987812,0.721065,1.3798817,0.4732195,0.7079631
0.51078206,0.81209666,1.3790635,0.43935445,0.7008384
0.5364157,0.80207056,1.3769712,0.4487779,0.65102524
0.4191447,0.8376199,1.3229858,0.41079244,0.75902724
0.49761578,0.7298831,1.3567554,0.4466883,0.7297203
0.43523386,0.7455699,1.3934383,0.44654116,0.777505
0.55151665,0.8906582,1.4366663,0.39951316,0.6764635
0.5155157,0.7815587,1.451995,0.43345785,0.71238554
0.43494567,0.8360465,1.433916,0.36367923,0.7900001
0.5431978,0.76985717,1.4784671,0.44785014,0.7284147
0.6086377,0.992649,1.4620328,0.37402558,0.57744724
0.4812971,0.8211153,1.4889057,0.4257093,0.7240043
0.5119042,0.8253512,1.3401048,0.41270638,0.7218674
0.41174918,0.7262013,1.3765228,0.4141801,0.89947826
0.5012427,0.7388075,1.4457412,0.4412908,0.7707178
0.56206715,0.8335699,1.4609412,0.44873244,0.5865008
0.58568776,0.8549682,1.4440976,0.4251942,0.56883794
0.48950765,0.9144234,1.2842792,0.38687974,0.69996214
0.47115767,0.9024352,1.4642738,0.40657523,0.6585135
0.58905673,0.7621393,1.4760674,0.43364516,0.7316202
0.40244484,0.72840446,1.3874158,0.42211473,0.80332357
0.35639212,0.75348836,1.3402934,0.44277063,0.7016488
0.55904955,0.86718976,1.4636362,0.4133476,0.7034218
0.47252226,0.69193447,1.3977925,0.47912362,0.74586517
0.4380423,0.81404585,1.482329,0.42044166,0.72475684
0.40669674,0.7535094,1.2741975,0.44310102,0.759508
0.54073703,0.888302,1.4015884,0.40963474,0.6638502
0.46968925,0.7857717,1.3508759,0.41795492,0.7846717
0.38475403,0.8640743,1.3799253,0.3925657,0.7663968
0.5985182,0.7895864,1.3646582,0.43375382,0.65546083
0.46697032,0.85429764,1.4345076,0.41702083,0.6951522
0.5409659,0.95247304,1.3373694,0.3688974,0.6649192
0.47063377,0.7942153,1.3121576,0.41928154,0.7768303
0.3133435,0.71449983,1.4605261,0.44120377,0.82433957
0.51686597,0.8074218,1.4356868,0.41961312,0.7332763
0.46005285,0.7352295,1.2872573,0.3963028,0.770858
0.46585393,0.92192096,1.3113877,0.385156,0.6496564
0.50134397,0.7317962,1.343188,0.44957295,0.74102193
0.45304713,0.899015,1.347457,0.4036279,0.7265415
0.6129399,0.9235685,1.412807,0.40134048,0.60891265
0.4613806,0.85627127,1.3534997,0.41341206,0.64608145
0.40592,0.80755514,1.3499433,0.41681904,0.7533813
0.48638362,0.8413587,1.4661796,0.44948834,0.6545544
0.47974816,0.77887815,1.3679883,0.41667137,0.78847
0.6120667,0.8624484,1.4539901,0.4471348,0.6491169
0.29356351,0.78678155,1.4410144,0.40016884,0.91445285
0.5555186,0.9201071,1.4437546,0.42202008,0.66028786
0.5467916,0.8179938,1.4744127,0.42288738,0.68632454
0.5974447,0.84872484,1.433815,0.4264849,0.5862367
0.5203735,0.88800603,1.453949,0.40667102,0.64101744
0.4593488,0.92047817,1.4905026,0.38101578,0.65584725
0.56010723,0.9073763,1.3736525,0.39563993,0.7144929
0.5092414,0.82879525,1.4287428,0.42209038,0.7122628
0.5063763,0.8977099,1.3788855,0.4324244,0.59978545
0.4958464,0.7895699,1.497897,0.40015694,0.7681039
0.46494937,0.7117618,1.4341955,0.44425943,0.7169751
0.5304241,0.8837958,1.4902893,0.4055206,0.6235921
0.5513464,0.7728319,1.4690866,0.45455322,0.68103844
0.5238613,0.7231541,1.3341095,0.47143525,0.7390187
0.30663756,0.7994188,1.3912961,0.40603498,0.8383353
0.52247685,0.8533511,1.4593873,0.4323984,0.65839106
0.43122858,0.70357,1.4144955,0.43365368,0.78761685
0.45010275,0.74769723,1.3702971,0.40643832,0.83610046
0.6386375,0.878384,1.4887465,0.3985295,0.68405205
0.51810515,0.86465925,1.3567553,0.3937546,0.71724457
0.5393675,0.86595994,1.4266591,0.4270817,0.6288003
0.7289432,0.81816304,1.4736848,0.42481098,0.6399143
0.5151924,0.89181167,1.3852838,0.41712606,0.6425944
0.635768,0.8095167,1.4708923,0.43993562,0.64012027
0.5628647,0.81626546,1.4891344,0.45525372,0.7169167
0.45151463,0.91071194,1.498199,0.3795985,0.6891693
0.47155705,0.7782334,1.4246061,0.43488538,0.70897627
0.4500602,0.71627,1.3934672,0.44604233,0.7765014
0.6104851,0.9247381,1.4724962,0.37967107,0.6172689
0.5483233,0.94452065,1.4501865,0.37101394,0.6699817
0.5141026,0.8311111,1.4176757,0.4129736,0.6045565
0.4499818,0.89357895,1.4838339,0.40380064,0.72367156
0.5734228,0.80778277,1.4836929,0.43544945,0.631454
0.47960684,0.8704047,1.4849309,0.4263028,0.6401107
0.55158335,0.8125758,1.4161438,0.42603806,0.75758576
0.6207031,0.8613394,1.4442502,0.4098193,0.63239044
0.42884597,0.8091499,1.3486441,0.39433247,0.77225506
0.51115537,0.8845101,1.4675417,0.40687254,0.6866062
0.49039155,0.84080505,1.468836,0.42386928,0.640827
0.4938296,0.8569652,1.4512331,0.4070373,0.72077405
0.49076897,0.82296944,1.4494826,0.4376743,0.61173266
0.47207668,0.9092619,1.4539326,0.4123839,0.67352575
0.44616893,0.81856734,1.4052665,0.41870233,0.7327619
0.5502685,0.83503497,1.4798998,0.44018394,0.6510628
0.40992352,0.7913494,1.2012038,0.45983648,0.652014
0.3812817,0.7913473,1.42821,0.43203354,0.81814116
0.41052094,0.82925546,1.4893543,0.41543484,0.70996046
0.47035307,0.83613724,1.4788328,0.43839848,0.8239702
0.5165354,0.7352218,1.3887762,0.4590765,0.78028375
0.547502,0.8927256,1.4324665,0.4035587,0.6606721
0.41625082,0.8358016,1.4473578,0.41578084,0.7206298
0.42829245,0.7061692,1.419819,0.46136615,0.7675924
0.57122713,0.8246209,1.3632538,0.42185327,0.72660387
0.4400329,0.71462333,1.3789096,0.4566982,0.7642076
0.511619,0.8111017,1.4088023,0.44357115,0.7215642
0.5892096,0.7997132,1.3561435,0.43786496,0.632308
0.41322708,0.62177557,1.3048301,0.46623024,0.80638903
0.44201508,0.76849306,1.4755187,0.44173163,0.7644354
0.5038737,0.8647381,1.4782124,0.41241044,0.7204277
0.5456929,0.9307304,1.4408199,0.38101003,0.6269915
0.5836827,0.9953107,1.456677,0.38824597,0.60530555
0.52493656,0.767883,1.4585508,0.4408126,0.7123527
0.67669547,0.7332825,1.4513502,0.48414004,0.6853784
0.3698679,0.7342694,1.4989973,0.4572001,0.7066266
0.41875708,0.8063188,1.3800519,0.41674623,0.7054691
0.51309997,0.78899723,1.4299966,0.4476271,0.70040876
0.5823943,0.8297206,1.3407531,0.42133337,0.6575919
0.43579996,0.7486627,1.4926568,0.44494587,0.82497317
0.585277,0.9086294,1.4361206,0.41587114,0.62186724
0.57545555,0.9533784,1.3601246,0.38482863,0.6148828
0.473428,0.7955654,1.3781725,0.42066765,0.7560296
0.48101053,0.8681949,1.4313786,0.42125636,0.6224085
0.48747215,0.82913506,1.4663006,0.41049668,0.76145905
0.48719358,0.86329085,1.48731,0.4160723,0.67896324
0.45760205,0.80938166,1.4612978,0.38864183,0.8215907
0.50564384,0.9237841,1.3976557,0.4015099,0.7138537
0.5861571,0.92601734,1.4271706,0.4178777,0.6077095
0.51756364,0.84477687,1.4883752,0.4051577,0.66207767
0.40798867,0.8082159,1.4624492,0.40614277,0.771621
0.4708603,0.720485,1.4665973,0.4315267,0.81166595
0.40372697,0.8162916,1.4995099,0.44479036,0.69355327
0.3740484,0.9261108,1.4188164,0.3786196,0.68274665
0.49751973,0.8863054,1.4451611,0.41401312,0.7034462
0.42245203,0.8480729,1.3179055,0.40975338,0.7122282
0.59488887,0.9820103,1.3725083,0.39873338,0.5741855
0.5297652,0.83719033,1.4010128,0.40357396,0.688977
0.5046422,0.83171564,1.457333,0.4105857,0.74293524
0.50768256,0.94027036,1.4668247,0.39552367,0.64905864
0.46798795,0.8709903,1.388001,0.4211099,0.6488731
0.47252354,0.7765613,1.448326,0.42231157,0.8192842
0.49646318,0.8963745,1.4149886,0.40153286,0.6919669
0.5265859,0.77279633,1.2888509,0.43643156,0.68419254
0.47379804,0.792207,1.4496955,0.4329031,0.7110388
0.52977693,0.81840646,1.4911449,0.4398233,0.68052244
0.3577959,0.7861212,1.3361822,0.39429617,0.80996126
0.46093348,0.8900303,1.4968423,0.41872346,0.7166947
